"Egyedsz.(E.sz.) 1=1-5db, 2=6-10db, 3=10 feletti db",,,,,,,,,,,,,,,,,,,,,,,,,,,,,,,,,,,,,,
E.sz.,1968,1969,1970,1971,1972,1973,1974,1975,1976,1977,1978,1979,1980,1981,1982,1983,1984,1985,1986,1987,1988,1989,1990,1991,1992,1993,1994,1995,1996,1997,1998,1999,2000,MEAN,STD,1st yr.,Last yr.,Nr.of yrs
3,46,61,66,39,41,31,25,5,37,30,32,35,46,32,51,19,35,64,65,48,21,21,24,12,31,23,13,29,63,37,20,57,39,36.3030303,15.89947252,,,33
3,46,62,68,42,46,39,37,19,51,39,56,49,7,40,48,14,39,66,21,52,9,42,22,30,32,28,9,30,59,37,17,57,32,37.72727273,16.27389235,,,33
1,,,,,,,,17,37,30,47,49,,,,23,42,76,74,54,45,46,47,49,32,27,25,38,60,30,22,57,37,41.91304348,14.99975845,,,22.5
3,49,68,72,44,48,42,37,17,57,40,56,49,37,41,48,12,42,66,72,74,10,37,33,6,40,40,13,30,66,37,20,57,40,42.42424242,17.96897703,,,33
3,,,,,,,,,59,39,57,49,56,41,47,14,42,66,65,46,22,41,34,55,39,28,,44,75,47,46,58,45,46.45833333,13.35658389,,,23.5
2,,,,,,,,28,46,39,46,41,38,39,49,36,44,65,63,52,32,41,36,60,54,,,79,,60,20,65,51,47.13043478,13.24230704,,,22
3,,,,65,55,52,47,54,52,40,60,61,25,58,62,44,60,72,68,49,27,42,37, 59,53,60,26,41,64,48,37,58,38,50.17241379,14.94312523,,,29.5
2,47,63,72,49,52,48,41,47,59,48,56,44,40,56,,,,63,74,52,10,46,,55,,,31,36,65,,,,,50.17391304,13.26854731,,,23
3,49,69,70,46,53,37,39,44,53,41,47,45,44,52,58,31,54,72,73,80,42,48,43,59,39,60,30,37,75,47,43,58,41,50.87878788,12.62760183,,,33
3,,,,,,,,17,52,42,59,60,51,56,62,29,59,,,79,41,48,42,34,49,72,,53,,53,52,63,61,51.54545455,13.23935921,,,22
1,50,70,72,52,52,54,49,54,59,53,63,55,38,56,62,29,59,81,77,80,37,45,35,57,,,16,37,65,47,37,58,53,53.29032258,14.33787281,,,30.5
3,46,63,74,53,47,45,42,46,53,43,59,61,41,67,66,65,63,79,76,80,37,51,51,63,44,66,16,40,67,37,44,57,41,54.03030303,13.88711813,,,32.5
3,,67,71,51,46,45,50,43,52,41,56,47,39,40,64,31,63,77,69,80,41,48,45,62,,,,48,73,52,47,62,57,54.03448276,12.12293352,,,29
3,52,70,76,52,55,54,44,47,59,49,60,59,40,67,64,63,62,78,73,80,47,51,40,58,46,67,31,43,66,47,42,58,39,55.72727273,11.96139065,,,33
3,,,,,,,,,59,58,62,61,61,63,62,58,62,78,74,74,37,46,40,36,54,73,37,49,73,45,47,59,57,57,11.85164708,,,25
3,,90,72,57,57,43,46,54,59,47,57,63,51,65,62,57,62,79,75,73,40,48,38,68,46,63,39,46,73,53,43,60,45,57.21875,12.3919191,,,31.5
3,56,69,78,54,57,56,48,52,59,50,62,62,39,66,65,64,65,82,76,81,44,53,42,63,54,69,36,44,75,53,45,60,54,58.57575758,11.60382874,,,32.5
1,,,,,,,,,,,,,61,68,71,72,65,78,78,74,46,53,38,63,48,60,40,46,69,55,48,58,44,58.80952381,11.97960027,,,21
3,67,70,78,54,58,54,56,52,57,46,63,63,51,66,67,56,60,84,82,81,46,51,40,69,50,72,37,45,73,48,43,59,44,58.84848485,12.25494189,,,33
3,                   ,,,,66,63,49,69,59,49,63,63,51,66,64,64,65,81,77,80,45,51,38,64,51,71,35,46,73,47,47,60,53,58.96551724,15.46039543,,,29.5
1,,,,,,,,,,,,,69,68,68,63,71,69,76,74,31,51,50,58,55,67,39,,70,46,45,59,56,59.25,11.83165649,,,20
3,,,,71,58,,,65,74,53,62,62,46,66,71,65,60,78,74,52,52,45,52,69,56,68,41,44,,,,,,60.17391304,10.1966178,,,23
2,52,68,76,75,58,52,48,47,59,53,62,61,61,65,67,67,63,64,82,80,47,57,43,69,54,73,37,,76,53,42,58,,60.29032258,11.16689737,,,30.5
3,,,,,,,,,,69,64,66,44,67,68,36,65,80,74,80,36,48,41,84,43,68,37,43,84,60,51,84,62,60.58333333,15.69182377,,,24
3,57,76,77,56,56,58,48,64,76,52,62,68,45,70,73,63,74,82,83,85,37,52,52,70,59,76,55,49,79,53,43,62,51,62.51515152,12.37911242,,,33
3,,,,,,,,80,63,53,64,64,64,66,73,63,63,79,81,84,60,45,55,69,62,73,54,50,81,54,49,58,57,64,10.43853261,,,26
2,,,75,78,59,59,50,54,62,50,62,72,40,72,75,68,67,81,87,83,64,55,47,74,60,79,,,78,50,47,60,67,64.65517241,11.97295804,,,29
3,,85,81,77,59,62,51,59,59,53,63,70,68,68,68,69,68,84,82,83,60,58,50,69,60,76,55,57,80,57,47,63,58,65.59375,10.43263927,,,32
3,56,72,76,57,59,57,52,61,73,54,64,69,67,66,70,70,73,85,83,81,66,56,55,71,60,77,,56,84,55,54,62,59,65.625,9.508369519,,,31.5
1,67,74,77,77,59,61,56,64,73,53,63,63,62,64,67,66,65,84,81,81,59,56,54,70,69,77,57,58,80,54,50,63,65,65.72727273,8.91882585,,,32.5
2,,,,,,,70,68,79,58,68,72,65,70,76,,,83,82,85,64,56,56,,,73,39,,,,44,62,57,66.35,11.70378449,,,20
1,,,,,,71,49,68,79,64,71,74,74,71,83,63,82,81,83,84,41,48,,69,57,76,,45,,,,,,68.23809524,12.67748456,,,21
3,74,76,77,75,59,54,46,59,62,53,60,62,68,69,71,68,76,80,87,87,74,68,59,73,66,90,65,62,84,67,59,67,67,68.60606061,9.964464491,,,33
1,,,,,,71,63,69,86,65,71,73,72,73,78,70,77,85,83,84,57,59,52,75,64,76,56,60,86,59,57,69,66,69.85714286,9.518454981,,,28
3,,,,,,,,67,89,69,47,71,53,79,90,76,101,95,90,100,9,55,36,78,76,91,61,53,94,54,52,70,74,70.38461538,20.88252313,,,26
3,73,79,86,77,59,76,63,70,87,62,65,75,69,72,81,69,82,90,90,,45,60,52,72,68,79,70,59,84,58,52,65,84,71.03125,11.26131586,,,32
3,70,84,84,79,66,77,55,69,78,65,66,73,76,73,77,69,74,83,88,86,68,67,58,75,60,89,55,56,86,60,51,69,61,71.12121212,10.2318924,,,33
1,,,,,,,,,,71,69,73,83,71,81,70,76,85,83,86,71,58,55,73,63,81,66,69,84,58,55,68,72,71.70833333,9.070740506,,,24
3,74,87,81,76,61,63,53,64,85,63,73,75,74,73,75,79,85,84,86,93,76,64,59,76,71,,70,60,85,64,60,67,71,72.71875,9.576595128,,,31.5
3,75,88,82,78,67,77,65,65,88,64,70,74,76,72,84,71,82,76,88,87,74,66,54,74,67,79,59,60,87,74,59,69,72,73.42424242,8.960797965,,,33
3,75,91,90,81,66,79,63,63,77,58,69,73,56,75,88,75,79,88,90,93,69,68,62,69,65,82,57,64,96,65,64,73,79,74,10.88982256,,,33
1,,86,84,78,66,67,76,68,87,65,70,73,75,70,75,71,75,86,89,84,77,62,65,74,,,,,,,,,72,74.79166667,7.483203414,,,24
3,,,,,75,78,72,70,91,75,64,77,83,80,85,76,86,89,89,94,72,75,65,75,75,88,85,56,93,66,58,79,69,77.24137931,9.707918323,,,29
3,82,91,86,88,70,83,71,75,91,72,75,73,76,75,74,74,81,89,91,94,81,63,66,79,70,79,62,67,85,71,63,80,77,77.39393939,8.526565387,,,33
3,81,90,87,80,69,81,71,65,83,68,80,78,77,79,85,73,79,91,90,93,78,66,68,80,76,91,67,66,95,67,58,80,79,77.90909091,9.059813127,,,33
3,,,,,,,,,,,,,81,85,91,78,87,91,93,96,69,69,63,73,73,79,80,94,,,58,,83,80.16666667,10.42390976,1980,2000,18
3,,,,,,103,,84,92,82,73,79,77,79,90,75,86,89,89,94,73,75,80,80,78,82,68,74,91,61,52,84,,80.38461538,10.20557917,,,26
3,,,,,82,88,78,85,93,65,66,80,83,82,90,78,86,91,93,93,90,72,,,,92,72,,91,70,,84,86,82.91666667,8.342261884,,,24
3,,,,,,,,,95,79,85,82,89,85,90,81,87,91,95,97,84,75,70,83,78,91,68,77,95,73,66,84,85,83.4,8.311252798,,,25
3,,,,,,,88,70,94,73,90,86,85,79,90,77,96,99,95,108,83,75,69,83,84,90,66,73,100,71,67,87,85,83.81481481,10.62691004,,,27
3,86,95,96,92,76,86,77,81,92,71,77,82,89,82,91,88,91,93,94,97,85,74,73,83,84,92,66,72,95,74,77,81,85,84.15151515,8.175002112,,,33
3,,,,,,,79,87,91,,87,80,85,83,88,84,87,93,92,,,,81,84,,92,70,78,94,71,77,84,85,84.18181818,6.266795614,,,22
1,,,,,,,,,96,78,83,81,88,81,93,94,92,92,95,96,84,69,76,75,77,91,73,75,94,74,71,88,92,84.32,8.560733254,,,25
3,89,100,97,89,80,87,78,79,93,75,87,84,88,85,92,84,90,95,94,96,86,75,76,83,83,92,69,78,97,71,64,82,85,84.93939394,8.408467,,,33
3,,,,,81,90,82,88,82,78,85,84,87,85,93,83,91,94,94,97,87,77,78,82,91,96,73,81,96,73,75,87,91,85.55172414,6.760602571,,,29
3,87,95,105,89,84,93,78,71,96,81,92,87,87,84,92,81,85,96,95,105,77,75,77,99,101,93,70,79,102,71,61,85,80,86.45454545,10.47712048,,,33
3,,,,,,96,81,96,96,82,84,82,86,,,,90,94,95,95,83,73,77,96,64,96,60,,90,91,89,89,92,86.54166667,9.612405179,,,24
3,88,102,102,97,81,94,77,78,94,74,91,93,82,85,91,84,88,92,92,97,88,78,80,83,84,88,69,82,97,81,75,87,92,86.84848485,7.863247391,,,33
3,,,,93,81,92,79,90,96,78,85,83,94,85,91,84,87,94,95,97,90,74,79,89,84,99,77,82,100,77,84,87,87,87.1,6.826655536,,,30
3,,,,,,,,98,101,85,97,100,103,96,91,84,88,92,93,95,87,78,74,83,83,89,69,78,96,72,78,86,85,87.73076923,8.917555272,,,26
2,87,101,102,91,81,89,80,79,95,79,90,90,90,86,94,86,94,97,95,103,89,81,79,84,88,96,74,83,91,81,69,88,91,87.96969697,7.68300205,,,33
3,,,,,,,84,,,83,98,97,92,86,97,90,90,95,95,97,86,80,78,96,84,97,78,79,98,75,84,87,89,88.6,7.065626435,,,25
3,,,,,,,,,101,57,66,83,85,84,90,96,89,91,94,99,94,85,77,83,93,98,104,81,108,,,,95,88.77272727,11.33648139,,,22
3,85,100,97,92,77,85,78,82,95,77,81,84,94,85,96,92,94,96,97,94,92,79,79,89,93,99,105,81,100,77,83,85,87,88.78787879,7.737447427,,,33
3,89,98,102,91,77,89,79,90,95,76,84,87,94,83,92,89,89,94,96,98,91,83,78,90,89,99,84,91,107,96,87,91,91,89.96969697,6.86630669,,,33
2,,,,,,,82,89,93,78,88,92,91,85,94,92,93,96,99,101,,80,,,93,100,,90,,,92,90,88,90.76190476,5.735889896,,,21
1,,,,91,83,90,81,83,97,79,90,90,114,86,96,94,96,98,,105,98,84,90,91,94,100,78,83,102,85,,,,91.46153846,8.260709185,,,26
1,,,,96,84,95,81,88,93,79,90,93,97,88,93,92,96,94,100,,94,85,89,87,93,,,111,,,,94,100,92.16666667,6.460134158,,,24
2,,,,,,92,84,88,96,81,91,91,92,89,,96,95,96,96,102,90,86,91,93,94,109,,87,101,92,88,91,,92.44,5.67775687,,,25
3,,,,,,,86,95,97,85,99,91,89,89,92,89,98,94,92,100,93,86,79,83,89,101,76,,114,90,,106,98,92.44,7.961832027,,,25
1,,,,,86,94,,,,,93,,,88,98,92,95,95,97,102,97,88,81,91,93,103,80,92,104,91,81,92,94,92.47826087,6.224076673,,,23
2,,,,,,,85,84,100,82,91,90,93,87,97,,97,102,99,105,91,86,79,91,95,101,85,94,106,91,89,91,98,92.65384615,6.825563646,,,26
3,86,102,103,96,84,91,83,88,95,80,91,91,85,96,93,90,98,97,95,104,96,90,81,93,96,105,81,92,103,88,96,93,96,92.66666667,6.591735765,,,33
3,,,,,,,,,,,,,97,94,99,98,96,96,99,100,95,84,85,93,93,106,90,91,106,88,69,84,93,93.14285714,7.869883413,,,21
3,,,,,,,,,,,,,,91,102,88,108,98,103,113,93,87,76,92,93,105,76,92,101,81,97,94,93,94.15,9.305784172,,,20
3,90,101,105,97,86,95,89,94,102,82,87,90,95,85,101,93,96,97,99,105,96,85,83,93,97,105,84,98,110,94,86,96,100,94.42424242,6.979087683,,,33
3,89,104,107,98,89,96,83,94,100,84,97,93,99,89,97,92,98,97,99,103,98,85,83,95,95,100,89,93,106,94,88,93,93,94.54545455,6.073524556,,,33
3,,,,,,97,96,95,100,78,91,93,93,91,106,93,100,98,99,108,96,89,83,95,98,107,69,95,107,85,91,94,101,94.57142857,8.314625964,,,28
3,93,108,103,96,93,96,87,94,99,85,92,93,102,91,99,94,99,104,112,106,98,86,80,92,94,101,81,95,102,76,88,98,95,94.90909091,7.766305944,,,33
1,,,,,,,,,110,96,108,84,108,,116,100,,,108,111,100,95,95,93,92,96,78,86,104,74,65,86,96,95.5,12.30676731,,,22
3,,109,107,99,94,105,,100,,88,102,102,108,96,103,94,104,,103,104,100,,90,83,95,98,75,94,109,71,65,88,100,95.92857143,10.85302618,,,28
3,,,,104,94,97,89,99,105,98,100,87,108,96,110,107,107,105,112,114,104,93,78,90,91,101,80,88,,81,69,88,91,96.06896552,10.64246536,,,29
3,99,102,101,98,93,106,88,88,104,88,102,91,100,85,95,94,102,99,105,107,99,89,87,95,100,106,88,95,104,92,87,93,97,96.33333333,6.364731253,,,33
3,,,108,97,85,99,86,96,105,87,99,91,102,94,103,98,102,103,99,103,106,92,89,92,91,104,91,94,108,97,92,92,95,96.77419355,6.288430236,,,31
3,,,,,,,,,,,,98,104,94,105,95,104,100,106,110,97,91,95,98,102,114,84,91,105,74,87,92,92,97.18181818,8.691006664,,,22
3,96,100,109,100,90,105,86,102,105,97,96,98,103,86,99,94,98,96,98,104,97,86,79,89,95,110,113,,,,,,,97.44444444,7.659416862,,,27
3,,,,,,,92,95,106,80,106,94,104,95,106,96,103,101,101,110,100,89,84,95,97,107,110,86,106,94,88,90,99,97.55555556,7.820912138,,,27
3,,109,109,102,92,96,90,103,106,86,94,95,107,91,98,100,101,104,105,108,98,86,87,95,99,105,89,96,105,93,91,93,98,97.84375,6.751472903,,,32
1,,,,,,,,,,,,,93,88,100,88,99,104,100,,100,,,103,,,92,99,111,95,96,,102,98,5.777110004,1980,2000,15
3,106,114,108,99,88,94,89,97,108,82,98,94,104,96,100,98,108,102,107,110,100,88,84,95,98,106,92,94,108,92,92,94,100,98.33333333,7.649170146,,,33
3,,108,106,97,94,109,100,98,105,84,101,102,100,95,107,97,105,102,100,108,95,89,92,98,98,,,97,107,90,90,91,98,98.76666667,6.240778143,,,30
3,102,115,112,96,106,99,88,97,105,82,100,84,97,87,103,97,102,103,99,105,94,85,,93,96,111,110,93,111,107,91,93,,98.80645161,8.423996063,,,31
3,,,,,106,118,109,104,105,81,96,94,95,100,96,104,96,109,97,100,103,93,89,98,98,105,90,104,107,91,95,98,102,99.4137931,7.162482072,,,29
1,,106,101,100,91,108,87,100,109,89,101,,100,97,112,98,112,,107,110,,96,96,,,,85,99,,,84,,99,99.43478261,7.936340923,,,23
3,,,,,,,,,,,103,110,107,98,102,99,107,104,105,113,99,89,83,100,105,,88,96,106,81,98,96,100,99.5,7.894687261,,,22
3,,116,108,99,92,93,87,96,105,85,104,103,100,89,96,94,102,102,98,106,95,93,93,97,96,112,96,109,114,110,101,100,103,99.8125,7.403674354,,,32
2,,114,112,92,94,109,93,103,108,84,103,97,105,96,105,92,99,103,99,109,94,97,89,97,105,106,75,,111,94,106,104,107,100.0645161,8.399908794,,,31
1,,,,,,,,,,84,102,,105,99,107,100,104,103,107,112,103,90,93,97,103,108,,95,113,93,88,,100,100.2857143,7.318363311,,,21
3,,,,106,101,106,88,103,105,93,102,102,107,98,107,101,104,101,102,108,102,93,89,98,98,109,91,103,108,99,93,,,100.6071429,5.7315779,,,28
3,106,110,109,102,85,92,90,101,104,83,100,91,101,96,92,101,98,96,107,109,103,96,92,101,112,113,91,105,119,111,107,94,104,100.6363636,8.238425684,,,33
3,,,,,,,,,,84,99,86,121,99,112,112,,,121,90,,,,,,106,100,,,,91,93,98,100.8571429,11.20629075,1977,2000,14
3,,,,,,,,,,102,103,,,101,111,105,106,111,104,108,99,90,90,100,102,109,90,95,109,101,92,94,99,100.9545455,6.497339072,,,22
3,,,,,,,,,,94,,106,104,96,107,99,104,106,108,110,99,90,90,95,104,111,90,104,110,96,95,97,107,100.9565217,6.541395499,,,23
3,,,,,,,,,,,109,102,105,98,111,101,104,105,105,109,101,90,91,97,102,109,92,98,103,101,97,98,106,101.4782609,5.536767749,,,23
3,108,112,109,100,92,106,89,105,106,94,103,101,106,95,102,101,104,104,107,109,101,91,88,97,101,108,97,103,109,109,94,97,102,101.5151515,6.179288043,,,33
2,,115,116,100,88,100,88,94,107,116,101,101,,,,101,,,,,,,,,,,,,111,,91,96,101,101.625,8.710203618,1969,2000,16
3,,120,,120,103,114,100,98,107,85,93,107,106,100,119,98,109,116,114,118,93,90,106,81,103,110,77,83,110,82,87,99,103,101.6451613,12.03003633,,,31
3,,,,,97,100,94,97,102,91,101,105,105,101,119,100,108,103,111,113,99,94,89,101,106,106,98,98,113,97,99,99,103,101.6896552,6.481272757,,,29
3,,,,,,,,120,,,,,,,,103,106,105,107,109,95,90,87,99,102,106,,98,110,100,100,98,101,102,7.152474728,1975,2000,18
3,,113,109,103,90,106,96,101,109,88,101,101,107,97,116,106,109,106,110,116,105,95,92,99,106,110,97,103,102,96,91,98,100,102.4375,7.062223446,,,31.5
3,,,115,102,94,106,92,105,110,97,100,92,105,98,110,99,106,105,108,110,104,95,96,105,105,113,92,106,112,102,98,99,,102.7,6.294646983,,,30
3,103,114,114,117,96,106,89,107,107,94,101,100,107,96,107,106,104,104,109,110,99,91,89,102,102,110,92,98,112,114,98,98,103,103,7.276068751,,,33
3,,115,114,101,90,107,94,102,107,94,108,102,106,99,109,100,105,102,107,111,103,93,93,103,106,108,97,108,111,105,98,97,102,103.03125,6.127357308,,,32
3,,,,,,,96,108,108,96,105,106,107,99,113,104,107,106,111,115,94,94,93,101,106,111,93,103,112,100,96,98,,103.1538462,6.467538931,,,26
3,,,,,,,,,108,98,106,105,,,113,108,108,109,107,111,103,94,93,101,105,,97,,108,95,,95,102,103.3,5.799014695,,,20
1,,,,,,,,112,111,108,103,104,108,97,102,108,108,106,107,110,105,91,92,95,100,110,98,106,110,100,95,104,105,103.6538462,5.766713601,,,26
3,,,108,92,,,,103,104,102,107,108,100,105,117,99,115,100,112,118,94,100,,97,94,105,92,100,110,93,106,117,104,103.7777778,7.446635546,,,27
3,,,,,,,,,105,97,105,105,107,99,109,102,105,105,108,109,104,96,96,100,104,112,96,107,114,102,99,107,106,103.96,4.727009137,,,25
3,,,,,,,,97,108,93,101,103,108,96,113,100,110,107,111,119,103,99,86,101,106,110,94,98,113,101,119,102,106,104,7.576767609,,,26
1,,,115,109,111,113,113,114,109,98,105,103,110,93,102,101,112,103,105,111,102,96,88,101,101,109,91,100,110,93,109,104,109,104.516129,6.972584563,,,31
3,,,,,,,,110,111,95,97,106,107,99,116,109,112,109,115,104,104,97,96,101,105,112,98,106,111,101,95,101,104,104.6538462,6.073270567,,,26
1,,115,111,101,94,109,95,104,121,84,105,106,112,102,113,113,104,104,108,114,105,96,83,104,109,,,,,,,,,104.6666667,8.821186617,,,24
3,,,,,,,,,111,110,101,105,104,105,123,107,113,110,110,114,105,101,101,100,103,110,90,105,109,91,91,99,104,104.88,7.223466034,,,25
3,106,115,113,109,96,112,94,104,109,100,105,103,108,100,115,105,110,109,109,114,105,98,94,101,105,112,94,109,113,111,97,99,104,105.3939394,6.225844587,,,33
1,,115,113,108,96,108,98,108,113,100,103,104,115,100,116,109,111,104,112,113,107,98,94,102,108,112,,,83,,99,,,105.5185185,7.513655998,,,27
1,,,,106,99,108,99,106,115,105,107,106,109,104,115,100,110,110,108,113,103,99,99,113,110,,,,,,,,,106.5454545,4.958324338,,,22
3,,,,,,,,,,104,,105,116,99,115,110,108,106,112,114,110,97,94,104,107,115,103,110,113,110,97,100,106,106.7391304,6.043022087,,,23
3,,,,105,104,106,89,98,103,85,94,95,118,104,124,112,118,115,114,120,114,104,91,116,107,116,106,110,117,115,109,,,107.4642857,9.697074365,,,28
1,,,,,,,,103,108,104,118,108,107,102,116,101,109,109,110,111,105,101,105,103,113,,,111,111,,,,,107.75,4.576076506,,,20
3,108,118,114,108,94,111,93,107,111,108,119,113,123,106,125,111,121,110,116,115,109,95,102,98,101,112,99,110,114,94,95,96,104,107.8787879,8.662826518,,,33
3,111,118,115,109,102,115,100,109,113,101,114,112,109,104,94,109,105,105,106,110,108,102,103,114,110,117,,,,,,108,109,108.2857143,5.432070431,,,28
3,,,,,,118,102,112,119,115,113,104,109,98,116,108,110,109,110,116,112,100,,103,105,113,103,111,114,108,97,100,106,108.5555556,5.948189,,,27
3,,116,117,114,102,118,109,112,122,108,115,116,119,115,120,11,120,113,113,118,111,102,97,,116,117,103,100,117,113,110,100,105,108.6774194,18.73230348,,,32
3,,,,,,,,,,,,,110,102,119,108,113,112,110,119,107,99,110,110,109,115,99,110,115,106,103,103,109,108.952381,5.380741673,,,21
3,,118,114,109,100,117,99,111,112,106,112,109,111,104,120,111,113,117,114,117,110,99,101,107,109,115,99,111,112,108,,98,109,109.4193548,5.967485827,,,31
3,,,,,,121,107,109,118,109,112,110,118,105,114,108,111,111,115,113,118,100,104,102,110,114,100,111,113,111,98,,108,110,5.61884584,,,27
3,,,,,,,,,,,,116,107,,109,105,109,112,114,115,106,103,102,109,112,114,105,113,125,114,106,106,112,110.1904762,5.122313465,,,21
2,,116,113,110,106,120,102,107,114,111,,,108,104,116,,115,115,115,120,108,97,104,108,108,,,,,,,,,110.3333333,5.707517637,,,21
1,,,,,105,118,,111,110,103,111,110,118,110,119,111,112,112,115,118,110,99,105,112,114,117,105,110,114,110,109,102,109,110.6785714,4.885259824,,,28
3,,,,,,,,,,,117,120,119,,116,110,116,116,113,118,109,101,110,107,114,116,92,112,114,102,103,104,109,110.8181818,6.70260406,,,22
3,,,,,,,,,115,109,115,109,119,106,123,112,114,114,116,115,110,99,97,114,113,118,104,111,116,110,106,103,108,111.04,5.9126982,,,25
2,,,,132,126,,131,,,,113,110,123,102,124,110,114,110,119,116,111,98,95,107,109,114,99,110,115,101,102,100,107,111.4615385,9.607985757,,,26
3,,,123,118,,,,113,111,107,110,110,122,103,120,112,114,113,116,116,114,100,100,111,112,115,105,110,117,114,105,104,109,111.5714286,5.797910274,,,28
2,,,,,,,,,,,,113,119,105,124,112,109,111,115,119,111,102,108,116,115,116,104,108,116,112,104,104,112,111.5909091,5.474518767,,,22
2,,,,,,,,,,,,105,121,105,123,112,116,112,117,117,114,103,102,110,113,114,,,118,115,104,105,109,111.75,5.878734882,,,20
3,,,,,,,110,113,116,112,,119,121,103,123,113,115,112,120,110,110,102,100,113,114,116,101,112,116,114,101,,,111.9166667,6.20268759,,,24
3,,,,,,114,107,120,119,110,118,118,106,105,124,113,117,114,119,118,111,105,105,111,109,114,105,111,115,113,110,101,108,112.1428571,5.494287226,,,28
3,120,119,114,112,107,122,110,113,120,111,110,114,109,107,121,109,117,115,121,120,109,97,101,109,115,117,106,110,116,108,112,105,107,112.2121212,5.854900289,,,33
2,,,,,,,117,120,121,113,120,109,122,104,120,112,113,113,114,117,113,101,101,108,115,115,104,113,118,,112,,103,112.72,6.041650309,,,25
3,,,,,,99,104,113,112,109,108,112,122,113,124,111,119,112,115,119,113,102,106,120,114,119,,,118,118,115,110,113,113.0769231,5.843154126,,,26
3,,,,,,,106,119,121,,,119,120,106,121,112,114,106,114,116,115,105,105,111,114,116,104,112,117,120,115,110,,113.25,5.338539126,,,24
3,,,,122,105,116,96,115,115,113,122,120,123,106,125,108,112,114,112,123,113,111,,125,113,,,,125,,97,100,108,113.56,8.171620685,,,25
3,,,,,,,,129,121,107,112,117,119,111,122,,123,,,,,104,109,114,115,118,102,111,119,115,112,104,108,113.9047619,6.65995333,,,21
3,126,118,125,118,104,116,104,107,120,113,,,,,121,113,120,115,116,119,115,109,104,113,115,119,106,110,119,112,113,105,109,113.9310345,5.977351891,,,29
2,,,,,,,104,115,118,115,119,119,128,111,125,113,119,127,117,121,110,101,114,122,114,117,98,112,114,115,98,104,109,114.037037,7.669426694,,,27
2,,,,,,,,,,,,,,111,124,113,119,115,120,120,117,105,106,115,116,118,104,116,119,118,114,111,100,114.05,5.907823707,,,20
3,,,,,109,120,118,115,118,112,118,114,121,109,124,111,120,112,116,120,112,106,103,112,110,118,107,110,120,115,114,115,111,114.137931,4.876639129,,,29
3,,120,120,116,115,117,104,114,117,112,118,118,122,106,124,114,117,117,118,116,115,104,106,108,110,115,112,117,117,120,111,110,106,114.25,5.104958968,,,32
3,,,,,,,118,121,126,118,110,111,105,96,119,112,120,129,120,115,115,111,116,,,,,,,,,110,100,114.3157895,7.765646345,1974,2000,19
2,,,124,109,104,107,102,114,119,114,118,120,129,105,127,117,123,123,120,121,113,103,106,111,115,116,105,112,119,116,112,,109,114.4333333,7.101491589,,,30
3,118,122,121,117,104,119,100,115,121,110,116,112,121,106,127,113,122,117,120,119,111,103,104,116,113,119,109,109,119,118,112,111,114,114.4848485,6.198297737,,,33
2,,119,119,108,101,126,98,109,121,117,111,110,125,117,124,113,108,109,110,115,110,103,117,107,117,119,114,118,126,124,119,119,111,114.5,6.98916911,,,32
3,,108,119,115,107,120,106,111,122,110,119,115,124,113,127,115,,,,124,121,100,95,114,,,,109,124,122,112,,112,114.56,7.575669557,,,25
3,,,122,119,107,121,106,117,120,113,118,115,123,114,126,116,118,117,120,116,115,104,107,115,115,117,110,113,119,116,108,109,109,115,5.214163404,,,31
3,,123,121,114,105,117,104,111,107,87,119,119,129,128,126,116,,,120,121,116,110,,,,,,,,,,,114,115.35,9.244174485,,,20
3,,,,,,,,,,,,,101,87,134,116,131,,120,122,120,108,,120,116,119,109,116,120,117,117,107,112,115.3684211,9.819422215,1980,2000,19
1,,,,,,,,,,,,116,129,110,127,115,120,114,117,121,123,105,104,123,116,117,110,112,120,122,104,109,111,115.6818182,6.778395114,,,22
3,,123,116,127,110,120,108,117,123,106,117,126,112,126,125,110,121,128,117,123,116,111,,,112,117,104,112,115,114,107,106,109,115.9333333,6.782012896,,,30
3,115,128,139,112,105,127,109,116,113,117,126,112,115,104,119,114,123,115,120,121,115,106,110,121,113,118,119,112,121,100,,117,108,115.9375,7.591612198,,,32
2,,,,,,,,,126,113,123,126,129,110,126,113,122,118,118,124,119,106,104,119,116,120,110,113,96,,,,,116.7142857,7.955231881,,,21
3,,,,117,116,120,118,121,122,113,121,123,128,116,130,117,120,116,115,120,118,106,,110,,116,113,108,119,109,113,114,110,116.75,5.392363694,,,28
2,,,124,113,109,123,121,111,123,119,121,118,122,115,128,117,117,124,117,121,116,104,118,,115,,,,,,,,,118,5.283279614,,,22
1,,,,,,,,,,,,125,132,118,126,113,120,118,120,134,118,106,111,122,118,118,116,,120,,110,107,110,118.1,7.117383147,,,20
3,,121,128,122,112,122,116,120,121,118,121,122,125,113,125,116,121,121,120,121,122,107,107,120,116,119,112,117,120,121,117,114,110,118.34375,4.83428021,,,32
1,,,,,,,,,,,123,121,130,117,127,115,125,124,,,,,,,114,,,113,117,,,104,111,118.5384615,6.746590511,1978,2000,13
1,,,,114,104,119,107,120,124,113,119,115,128,109,129,117,127,122,120,131,124,120,,,118,121,116,113,120,121,116,118,,118.7037037,6.163341017,,,27
3,,,,126,115,124,120,120,125,116,121,118,128,115,131,116,120,124,120,124,122,109,116,118,117,118,112,111,120,120,112,114,110,118.7333333,5.192633326,,,30
1,116,120,120,118,109,118,115,116,121,112,119,122,125,125,130,123,123,131,123,125,126,,110,115,118,118,114,116,119,112,115,114,112,118.75,5.337119868,,,32
1,,,,,113,123,103,120,123,119,120,116,129,114,126,122,125,119,120,121,122,109,120,121,,120,113,,,,,,,119,5.556038626,,,22
2,,,,117,118,123,117,119,123,119,119,122,125,115,125,116,124,129,120,120,117,109,120,114,119,121,115,120,121,123,117,115,112,119.1333333,4.069820741,,,29.5
2,,115,121,123,111,122,116,121,126,119,122,117,132,116,128,116,118,126,121,124,121,109,117,125,117,118,120,,,,116,115,114,119.5172414,4.909994499,,,29
3,,,,,,,,,,,121,117,130,115,129,117,120,126,119,122,122,113,117,124,119,118,117,115,121,123,116,117,115,119.6956522,4.285973077,,,23
3,,,,130,139,,,142,124,113,120,119,129,118,129,116,122,128,120,125,122,106,107,120,115,118,108,115,120,118,111,108,111,119.75,8.63283627,,,28
3,,,,,,123,116,120,126,115,121,128,122,121,129,116,119,125,120,125,123,113,114,123,117,120,114,114,122,122,120,112,116,119.8571429,4.454476909,,,28
3,,,,,,,,,,,,118,129,118,129,120,123,126,121,125,122,109,114,126,119,121,115,117,120,124,116,115,113,120,5.021692076,,,22
1,,,,,,,121,125,124,119,124,123,,,130,116,124,124,120,122,123,114,106,120,119,121,114,115,122,127,,117,114,120.1666667,4.985311759,,,24
3,,126,123,125,110,122,105,120,126,107,129,131,129,131,137,125,126,128,121,122,120,111,118,123,117,119,114,,120,122,119,117,97,120.6451613,8.095324218,,,31
3,110,124,125,124,109,126,119,122,125,118,122,123,129,106,124,114,119,122,120,129,127,,,,,,,,,,,,,120.8095238,6.072434345,,,21
3,,,,,,125,115,126,126,119,125,121,131,118,135,118,126,,,,,,,,117,121,114,121,121,123,113,113,113,121,5.728715547,,,21
1,,,,,,,,,,,122,121,133,115,125,118,129,123,122,131,123,113,112,128,121,122,116,123,125,122,117,117,114,121.3913043,5.390880652,,,23
3,,,,,,,,,,,,,,129,135,118,126,128,122,130,121,112,114,125,116,124,113,118,123,122,119,118,117,121.5,5.802298395,,,20
3,,123,129,125,,123,111,119,127,119,122,124,126,118,129,117,122,126,120,123,121,107,,,,,,,,,,,,121.55,5.241546482,,,20
3,,,,,,,,,,,,128,122,113,131,118,126,130,122,127,122,110,,,,,,,123,123,117,116,117,121.5625,5.677289639,1979,2000,16
3,,,,,,,,,,,127,123,132,124,133,121,126,128,120,129,124,113,110,123,113,122,116,121,122,126,118,120,113,121.9130435,5.851730823,,,23
3,,,,,,,,,,,,,130,105,138,,128,129,122,135,123,106,112,,121,125,,112,120,127,,,118,121.9375,8.993257278,1980,2000,16
1,,,,,,,,122,,,126,122,130,120,131,116,125,126,122,126,124,110,114,129,124,124,116,119,122,125,116,117,124,122.0833333,5.019296099,,,24
2,,,,,,,,,,,,,,128,137,,,127,122,130,125,114,117,128,121,122,114,119,123,124,116,116,115,122.1111111,5.999025262,1981,2000,18
3,,,,,,,,118,125,116,125,,121,,94,,,,,,139,129,129,120,121,122,124,124,125,128,129,121,120,122.6315789,8.204940745,1975,2000,19
3,,,,126,108,126,121,127,129,125,121,129,130,116,128,127,124,126,122,125,,119,128,124,117,118,,119,125,120,116,,116,122.6666667,5.084991923,,,27
3,118,126,132,127,119,,,122,128,121,126,128,133,125,130,117,122,130,123,127,125,111,114,122,118,120,116,119,137,130,113,115,114,122.8387097,6.334907133,,,31
3,120,130,128,118,120,128,125,120,118,119,126,127,,,,117,125,133,121,138,125,120,,,,,,121,125,119,120,117,112,122.88,5.521426794,,,25
3,,,121,,,118,121,126,125,121,135,130,130,,133,117,125,131,122,,121,119,,,,123,109,,126,125,,115,120,123.3181818,5.88577034,,,22
1,,124,126,127,114,116,114,124,125,118,125,125,133,115,129,118,122,126,,,130,,,,,122,,,134,129,121,119,128,123.5,5.499090834,,,24
3,,,,,,,,,,,,,133,127,135,118,132,136,123,125,121,111,118,125,117,122,115,121,110,124,130,126,129,123.7142857,6.987930225,,,21
3,,,,,,,,,,,122,130,135,120,126,115,124,126,,129,,122,124,123,123,120,120,128,125,125,130,131,117,124.5238095,4.647766302,,,21
1,,,,,,,,,,,,132,138,124,135,121,133,131,122,131,125,114,119,128,123,123,118,125,122,126,118,118,114,124.5454545,6.350126823,,,22
3,,,,129,123,128,118,127,119,117,132,126,131,115,129,116,125,130,125,132,128,121,124,128,127,126,119,124,128,130,126,121,117,124.7,4.847014379,,,30
3,,,,133,124,130,127,123,129,120,126,129,136,122,133,120,126,129,126,125,125,117,123,127,121,124,119,121,124,128,127,121,116,125.0333333,4.561291083,,,30
3,,,,,,,125,129,132,118,,,,,138,,144,,143,146,135,118,114,,119,,115,115,122,120,114,115,114,125.0526316,10.70268043,1974,2000,19
3,,,,,,,,128,131,121,129,128,136,,135,122,126,129,123,131,124,119,122,120,122,126,122,121,126,131,,122,120,125.5833333,4.655462741,,,23.5
3,,,,,,,122,125,121,119,135,134,139,129,133,128,125,130,123,,,108,,,,122,,121,,130,,118,,125.6666667,7.018771822,1974,1999,18
3,130,127,125,130,123,129,126,126,129,122,128,130,130,128,137,122,130,130,127,134,128,122,122,128,124,127,123,125,128,127,113,122,117,126.3333333,4.450159724,,,33
3,,132,126,131,122,131,123,125,128,123,129,128,133,126,136,122,129,132,130,133,128,119,123,129,124,128,122,124,128,128,122,121,119,126.6875,4.245764378,,,32
1,,,,,,,,,,,,,,130,137,125,136,133,129,129,127,119,121,127,122,125,120,133,129,127,122,131,120,127.1,5.098085542,,,20
3,,,,,,,,,,,136,131,139,129,132,123,139,130,123,132,125,121,,,123,126,121,127,127,127,127,121,119,127.5238095,5.507177528,,,21
1,,,,,,,126,128,134,126,133,132,135,127,135,121,126,129,126,128,124,119,127,127,125,125,127,,128,127,130,124,,127.56,3.803641979,,,25
3,,,,,,,,131,131,125,135,134,142,129,137,124,135,133,128,136,127,120,124,131,127,128,117,123,126,125,116,119,118,127.7307692,6.432312483,,,26
1,136,132,140,134,128,135,127,129,140,125,135,129,139,117,130,117,123,127,121,126,124,,123,,122,,119,121,,,128,,,127.9615385,6.574252636,,,26
1,,,,131,125,128,123,127,130,122,130,130,139,126,136,121,132,131,127,136,,,,,,,,,131,131,129,,122,128.9047619,4.561745698,,,21
3,,136,138,136,128,132,127,131,124,124,138,135,134,126,139,125,127,131,129,138,130,122,127,128,126,122,129,122,126,125,125,126,120,128.9375,5.210348095,,,32
3,,135,136,138,129,129,126,128,133,128,135,127,139,126,138,125,130,136,129,133,130,122,125,120,127,133,119,126,126,130,133,117,121,129.03125,5.545865919,,,32
1,,,,,,,,,,,140,142,132,136,129,129,,133,128,135,128,123,126,,129,,118,,127,,128,121,120,129.1111111,6.146362972,1978,2000,18
3,130,135,138,126,124,127,125,123,133,126,129,138,142,135,133,131,140,145,134,142,132,122,120,125,123,128,120,122,126,133,125,124,121,129.6060606,6.75164204,,,33
3,,,,,130,128,129,131,132,126,135,134,138,136,137,128,133,131,127,138,132,122,124,130,126,128,127,127,129,132,128,123,122,129.7586207,4.340930564,,,29
3,,,,,,,130,127,126,124,136,140,,137,140,125,139,136,131,144,131,127,128,,132,,119,131,129,127,119,,,130.8181818,6.397257317,,,22
3,,133,135,134,128,130,132,130,135,130,133,134,148,131,140,130,140,133,133,145,137,123,130,130,124,126,129,131,129,130,130,129,119,131.90625,5.599563701,,,32
1,,,,,,,,,,,,,147,,141,129,138,134,130,137,128,125,128,146,129,131,125,130,,135,132,130,121,132.4210526,6.53693957,1980,2000,19
3,,,,,,,149,,134,125,141,138,139,134,142,129,,141,133,145,129,125,133,140,126,132,122,131,133,132,131,121,119,132.96,7.34050931,,,25
3,142,138,143,137,137,137,137,131,132,126,136,135,147,131,132,123,124,135,126,139,131,131,,,,,,,,,,,,134.0909091,5.860027385,,,22
3,,,,,,,,,,,145,138,147,132,143,132,140,136,130,144,133,132,130,123,119,133,135,136,134,136,130,131,126,134.1304348,6.508355833,,,23
3,,,,,,,,,140,130,140,135,142,139,145,125,139,140,136,147,133,127,131,140,128,130,126,128,133,,133,,123,134.3478261,6.394064276,,,23
2,,131,137,134,127,131,131,130,139,126,145,140,147,136,144,131,144,136,134,145,,131,,,126,,,126,,,,122,,134.4782609,6.860937528,,,23
3,,,,,,,,,,,122,,149,137,141,130,149,151,140,156,135,118,126,,129,136,128,123,132,133,134,131,128,134.6666667,9.593242571,,,21
3,,,,,,,,,,134,144,137,155,137,,,,133,137,,136,,130,115,131,,127,138,,,137,,,135.0714286,8.233786377,1977,1998,13.5
3,,,,,,,,146,144,131,141,137,146,129,,130,134,,136,138,134,122,135,,130,,,140,,,135,,128,135.3333333,6.147314347,1975,2000,18
3,,,,,,,,,,,,,149,141,143,131,139,131,132,147,136,132,130,130,128,136,132,,137,136,136,136,129,135.55,5.576096945,,,20
3,,136,139,138,136,139,134,135,138,138,143,137,146,136,139,132,139,136,133,145,128,127,127,130,136,133,,141,130,133,135,136,128,135.5806452,4.708862612,,,31
3,,136,143,138,138,135,138,133,138,134,141,137,144,138,141,131,139,139,135,146,133,129,131,130,132,138,132,141,134,133,133,131,129,135.9375,4.32706423,,,32
1,,,,,,,140,136,135,131,141,137,147,139,137,134,144,135,134,,,,,,128,,,,,134,,140,127,136.4117647,4.910972109,1974,2000,17
1,,,,,,,,,,,143,138,149,137,142,134,145,139,138,151,140,126,128,139,142,136,134,136,132,136,135,131,125,137.2173913,6.258038309,,,23
3,,134,144,132,128,146,135,136,141,137,147,139,148,133,147,133,144,136,136,146,132,138,,129,133,138,136,143,135,133,136,139,128,137.483871,5.583854895,,,31
2,,136,,137,138,,140,,151,135,143,140,153,138,149,139,,,,145,137,132,127,,129,130,,135,,,,130,125,137.5714286,7.239860801,,,21
3,138,148,144,139,135,140,135,133,140,137,147,142,148,140,143,136,144,143,130,147,139,137,127,,133,137,,141,130,142,136,140,130,138.7419355,5.355883108,,,31
1,,,,,,,,,,,,,149,,139,134,,,141,,145,137,133,132,140,140,136,146,139,,144,139,132,139.125,4.775858408,1980,2000,16
3,,135,149,150,135,150,143,140,142,135,143,140,148,134,141,136,142,144,141,145,144,135,130,152,132,138,132,141,123,140,134,133,127,139.1875,6.698880503,,,32
3,,143,151,140,140,146,133,136,147,140,149,141,150,139,146,137,143,145,140,154,139,136,132,135,124,131,133,141,137,135,130,136,127,139.25,6.813533769,,,32
1,,139,139,138,132,137,136,137,143,140,149,143,153,142,148,136,145,140,139,145,139,135,137,,,,,,,,,,,140.5454545,4.825000768,,,22
3,,,,,,152,,141,145,140,,145,,,,140,156,145,138,145,140,137,132,135,128,132,138,146,143,142,143,143,133,140.826087,6.175571323,,,23
2,,132,152,140,140,144,138,136,148,138,151,141,149,142,145,135,150,144,136,154,141,140,,,,133,123,124,139,,167,130,,141.1851852,9.031836694,,,27
3,,,,,,131,125,128,132,130,140,143,159,143,140,135,153,147,141,156,142,134,141,149,138,,145,151,148,145,148,144,133,141.5185185,8.282383932,,,27
3,,,,,,,,,,,152,145,158,145,150,138,148,146,138,158,146,132,139,140,141,138,128,146,138,140,140,135,132,142.3043478,7.379220728,,,23
2,,,,,147,144,150,139,148,138,153,147,155,145,,133,152,,,160,141,139,138,,133,139,136,146,137,138,137,137,129,142.44,7.354119725,,,25
3,,,,148,143,,146,,,148,157,147,149,143,148,132,143,144,138,162,152,142,133,136,,,136,142,140,136,133,137,133,142.72,7.372088734,,,25
1,,142,141,143,140,136,146,139,146,134,151,144,156,,149,135,151,142,144,152,148,146,140,,142,,,,146,150,149,139,137,144,5.41822322,,,27
3,,149,146,141,144,148,146,142,148,139,153,138,154,145,149,140,151,146,142,156,140,141,141,136,,,,145,140,145,144,142,133,144.2758621,5.169761772,,,29
3,156,145,157,147,146,149,147,142,148,141,152,148,155,145,154,137,154,146,142,159,141,139,136,136,139,139,137,147,145,145,137,141,139,145.1818182,6.377601178,,,33
3,,146,161,155,156,153,152,146,141,139,154,145,155,146,152,153,160,152,153,161,162,152,,148,142,138,,132,134,133,126,126,124,146.5666667,10.56678708,,,30
2,,,,,,,,,,143,151,142,156,140,144,,150,145,145,161,143,144,134,145,145,151,145,147,145,140,155,150,164,147.173913,6.599571791,,,23
1,,143,165,143,138,144,140,137,147,142,153,142,157,140,155,,,158,148,,,157,,156,148,149,,,,,152,149,146,148.2173913,7.064916382,,,23
1,,,,,,,,,157,148,157,149,161,129,150,135,156,145,146,152,144,144,142,,140,,142,149,152,146,158,161,,148.3181818,7.842949554,,,22
3,,144,164,133,148,149,150,149,152,145,156,150,161,,,145,158,152,145,160,144,145,144,146,146,,146,154,146,151,150,150,140,149.0689655,6.281884189,,,29
3,,,,,,,,,154,149,154,148,161,146,151,152,155,148,142,159,151,145,144,,143,144,143,153,148,150,153,149,140,149.25,5.132250968,,,24
1,,,,,156,150,162,154,154,152,154,148,157,149,145,145,154,149,147,152,151,146,,,142,140,,,147,,146,,137,149.4347826,5.528909529,,,23
3,,152,161,149,150,155,147,159,160,147,152,152,158,151,155,153,156,146,152,158,152,142,145,,146,150,140,153,147,143,153,151,,151.1666667,5.149903434,,,30
1,,,,151,156,150,158,156,157,153,159,149,163,147,154,145,154,151,144,161,151,146,,148,143,146,146,,,146,,,,151.4166667,5.43997549,,,24
3,,144,161,150,159,151,143,147,149,144,154,156,161,145,156,138,157,149,145,159,148,139,142,156,148,144,150,156,155,165,,172,,151.4333333,7.707069789,,,30
3,,,,,159,,157,147,,150,152,150,162,,,154,163,153,152,166,155,150,150,148,,,,,,146,,139,133,151.8947368,7.509292489,1972,2000,19
3,,154,163,151,156,165,161,156,165,157,159,153,165,153,154,156,150,150,150,161,150,144,145,146,150,148,150,,156,143,134,144,135,152.3870968,7.667616234,,,31
3,,161,166,153,155,154,156,152,161,153,159,153,167,153,157,151,162,155,152,172,153,153,151,,146,149,,162,152,153,155,154,142,155.4,5.997849077,,,30
3,,152,156,147,144,147,151,156,169,150,152,144,154,157,171,158,160,161,153,165,159,152,163,,159,158,148,158,160,163,142,178,,156.2333333,7.982575109,,,30
3,152,157,163,156,156,156,155,155,157,154,168,155,166,145,152,155,155,154,159,164,159,,,,,,,,,,,,,156.8095238,4.904719875,,,21
3,171,,173,172,149,,150,149,,,161,,,155,162,154,160,152,165,163,170,157,158,170,,,150,154,151,165,150,151,152,158.56,7.815566321,,,25
3,,,,,,,,166,167,160,165,159,166,149,158,156,159,151,150,162,139,138,161,150,165,164,162,167,,173,157,165,,158.7083333,8.383217362,,,24
1,,165,164,160,171,148,170,167,177,155,167,158,170,154,159,152,160,158,169,173,166,157,157,,168,167,149,164,164,163,,,,162.5714286,6.999648126,,,28
3,,175,184,,,,180,172,176,173,184,172,171,155,159,152,163,156,,,,,,129,,,,176,136,,142,164,134,162.65,16.0275804,,,20
3,,,173,159,162,169,167,161,171,170,174,164,176,163,170,157,171,168,164,171,165,161,164,175,158,158,156,164,154,,159,158,,164.8965517,6.018553689,,,29
3,170,,156,,177,,,,175,169,176,161,173,163,164,157,171,170,163,175,163,163,168,177,165,159,160,163,158,165,169,160,151,165.75,6.688255275,,,28
3,127,154,173,167,174,163,161,172,166,162,161,161,158,158,159,155,172,157,166,186,189,179,175,177,169,183,170,174,172,199,191,171,156,168.3939394,12.94090504,,,33
3,171,176,175,172,171,173,169,167,175,167,175,177,183,169,176,171,178,175,171,182,174,164,168,181,169,171,174,171,175,170,149,161,177,172.030303,6.161955612,,,33
3,,184,183,177,173,176,181,181,177,171,167,166,,,,,,,,,,,,182,175,187,180,187,155,181,182,188,176,177.5714286,7.595282199,,,21
3,,188,178,175,176,181,182,176,182,176,181,175,179,173,177,176,177,166,180,183,188,182,177,,181,188,,182,176,174,,186,183,179.2413793,4.800383126,,,29
3,181,175,172,161,,,157,,177,175,191,190,194,179,191,,193,186,166,186,167,,190,191,173,167,,,222,,,,,181.0909091,13.73003401,,,22
3,,174,173,183,180,192,191,191,192,182,184,168,192,175,189,,185,166,178,185,175,169,176,187,182,184,,176,185,175,182,189,176,181.2,7.279666777,,,30
1,,179,178,177,180,185,184,176,182,182,185,183,190,171,171,173,183,207,182,191,188,203,,,,,,,208,,171,155,151,181.4,12.65215093,,,25
3,,,,,,,195,200,190,186,201,185,200,179,190,,193,186,178,188,181,177,177,188,177,180,172,184,175,185,176,170,164,183.7307692,9.094392624,,,26
3,,184,187,181,181,201,193,191,194,205,181,199,191,176,189,,203,191,202,187,188,186,179,201,182,199,177,175,188,177,194,186,,188.9333333,8.488828839,,,30
3,186,193,189,187,182,197,187,189,185,183,197,187,196,189,186,188,194,195,199,206,206,189,189,,,,208,193,190,191,192,195,181,191.6333333,6.59170218,,,30
1,,,,,,,,,199,196,213,193,206,202,201,200,201,209,186,203,199,199,207,202,193,,191,191,195,189,187,180,,197.4782609,7.631456639,,,23
3,,,,,,,,,197,193,191,193,199,191,,,186,196,206,199,195,188,206,200,,207,197,191,208,198,211,203,207,198.2727273,6.738480142,,,22
3,,,,,199,203,206,196,197,193,210,196,206,192,173,,,,,,,,,216,196,196,,,197,208,206,,183,198.5,9.488219843,1972,2000,18
3,,,,,207,204,197,200,204,209,191,210,205,202,206,204,203,181,208,200,211,202,,,,204,,188,190,198,213,201,218,202.24,7.904623769,,,24.5
3,206,203,209,206,207,207,208,196,211,208,201,200,208,192,205,204,216,201,196,221,228,208,204,217,207,191,204,226,196,199,195,200,199,205.4242424,8.499239769,,,33
3,197,214,214,205,203,205,199,204,201,209,225,205,215,205,205,203,223,200,209,214,203,202,207,210,205,212,,204,209,206,211,210,208,207.5625,6.0749735,,,32
3,210,215,224,208,211,223,209,216,205,198,205,210,209,202,207,204,203,217,218,220,197,220,207,211,199,204,203,,218,210,,215,210,209.9354839,7.008635227,,,31
3,,,,,,,,209,215,220,219,208,220,217,182,211,214,202,191,217,216,225,218,,,,,,,198,,200,216,210.4210526,10.5750451,1975,2000,19
3,207,207,204,207,203,209,208,213,230,221,210,206,223,204,208,218,220,206,208,205,218,211,211,221,201,217,226,213,210,218,,206,217,212.0625,7.083645269,,,32
3,,,,,,208,207,211,227,217,214,208,210,193,210,208,213,206,209,224,204,211,211,228,221,217,225,231,227,230,249,219,,216.2222222,10.90652928,,,27
2,,,,,,224,218,212,221,208,206,208,222,204,218,211,214,208,222,232,219,211,216,236,220,216,224,244,222,225,,215,220,218.3703704,8.836402581,,,27
3,213,215,231,205,206,221,227,218,218,220,216,224,217,225,207,213,233,215,227,240,229,233,227,,232,234,,228,229,229,,239,240,223.7,9.531442026,,,30
3,228,219,207,215,207,218,228,209,239,220,226,208,231,217,220,237,248,206,254,233,234,221,243,235,217,235,228,244,230,236,,220,,226.2258065,12.32555698,,,31
3,,,,,,,,,,,,,,213,241,237,249,253,233,247,242,228,240,245,237,246,212,248,231,237,235,235,238,237.35,10.13374843,,,20
3,,,,,244,230,239,236,252,232,243,226,253,221,245,231,247,248,233,251,243,240,236,249,235,247,239,252,240,243,236,238,232,240.0344828,7.922469138,,,29
3,,,,,,,,,,225,229,222,248,233,239,,239,258,237,246,242,236,235,245,249,244,240,248,261,250,239,234,230,240.3913043,9.263454766,,,23
2,235,241,,251,,,,249,253,237,220,235,251,242,228,252,264,,241,244,203,211,225,238,277,263,232,246,238,239,,,,240.6,15.52912896,,,25
3,,250,235,234,227,240,228,242,243,228,238,230,243,241,247,252,250,257,250,248,253,230,248,248,249,245,236,246,240,250,239,238,240,242.03125,7.821820198,,,32
3,,,,,,,254,246,254,243,249,236,259,239,245,247,252,248,238,251,241,239,251,248,245,241,254,256,234,252,249,244,234,246.2592593,6.609476922,,,27
3,248,258,249,242,241,248,238,258,254,247,244,245,271,243,254,260,252,257,246,246,248,231,237,248,253,249,236,254,235,250,237,240,241,247.2727273,8.211443691,,,33
1,250,251,,259,,,251,249,,,244,255,255,,,,,,239,241,239,245,240,,,,,,,,259,247,,248.2666667,6.436872947,1968,1999,15
3,248,255,247,235,237,249,232,254,237,242,246,242,268,256,268,261,242,249,254,250,255,236,240,253,253,253,251,256,259,250,250,248,251,249.3030303,8.448755037,,,33
3,,,,,,,,,,239,239,237,255,249,254,251,252,257,253,250,253,244,243,265,253,,255,255,246,254,256,245,268,251,7.325753659,,,23
3,253,248,255,245,240,257,240,249,253,241,249,246,263,248,244,248,258,253,257,258,253,247,260,254,240,259,252,242,269,247,265,263,241,251.4242424,7.631322077,,,33
1,,,,,,,,,,,,,281,251,261,244,262,274,247,255,248,244,251,241,250,254,256,259,242,238,254,242,235,251.8571429,10.80524163,,,21
3,,,,,,,,,,274,260,255,277,248,258,252,249,249,248,249,255,242,253,249,267,257,248,255,241,254,250,240,241,252.9583333,9.03981932,,,24
2,,263,263,248,246,252,246,245,255,240,249,240,274,248,260,251,264,258,253,256,253,249,259,,274,,,262,241,254,257,257,240,253.6896552,8.805693038,,,29
1,,,,,,,,240,252,,,237,264,248,254,254,276,322,253,256,248,250,250,,256,,264,257,251,257,253,252,243,256.2272727,16.08923977,,,22
3,254,269,268,270,267,258,273,254,253,249,276,245,274,264,253,253,268,263,257,255,253,251,258,257,254,236,254,259,254,261,265,248,235,257.8181818,9.506822768,,,33
3,255,,270,275,253,270,279,250,262,258,266,250,257,247,264,255,273,267,257,267,262,249,254,273,256,245,274,267,252,267,259,264,262,261.21875,8.706439188,,,32
3,255,262,262,260,249,264,269,255,263,258,265,251,272,258,266,263,274,271,257,267,261,259,263,267,265,247,265,269,258,270,268,264,262,262.3939394,6.235285709,,,33
2,,,,,,256,268,247,275,259,,,275,273,268,261,283,283,258,267,265,,,,265,262,264,279,249,270,268,,,266.4285714,9.276418924,,,21
3,,,,,,,303,262,259,270,294,259,288,271,261,264,281,,,,278,264,272,268,255,257,272,273,280,280,275,264,254,271,11.90294081,,,24
3,,,,,,,,,268,265,269,257,285,267,279,271,278,281,271,274,263,285,274,279,278,,289,273,269,279,268,,,273.7272727,7.524925643,,,22
3,,,,,,,,269,261,258,279,261,291,270,286,278,284,286,274,277,274,274,275,286,268,261,281,279,267,279,278,282,262,274.6153846,8.764731189,,,26
3,,,,,,,,285,281,279,288,279,,,285,278,288,275,281,281,275,276,289,280,274,270,286,279,266,282,274,276,274,279.2083333,5.585546825,,,24
1,277,287,280,279,284,274,291,286,286,277,277,269,,,286,278,289,,262,,262,262,280,274,273,,296,292,269,295,,,,279.4,9.523250899,,,25
3,,,,,,,,,275,274,285,264,296,274,273,279,285,289,276,,276,284,285,279,295,,297,285,273,292,280,273,279,281.2173913,8.195306186,,,23
1,,,,,,281,286,257,267,280,279,284,305,279,283,274,293,286,,293,287,294,294,290,,,301,288,289,293,285,275,279,284.88,9.900738123,,,25
3,,,,,,,,,283,274,286,290,291,279,295,,,,,,285,290,285,311,282,,288,287,272,289,,287,269,285.7222222,8.830602027,1976,2000,18
3,,,289,285,280,285,293,273,273,280,286,274,294,285,292,279,294,308,287,293,280,284,292,,282,,296,293,273,292,281,287,278,285.7931034,7.951433038,,,29
3,,,,,286,292,,288,,287,,288,280,,289,,287,293,282,,277,287,287,301,301,262,,279,,289,,,,286.3888889,8.335964497,1972,1997,18
